Date,pm2.5,pm10,O3,NO2,SO2,co,AQI,Dominant_Pollutant,Month,DayOfWeek,IsWeekend,season_Autumn,season_Monsoon,season_Spring,season_Summer,season_Winter,data_source
2025-06-07,27.470359111497856,48.38523149879352,47.93086008490728,31.008100007331524,8.55828523368718,0.718502337272593,48,PM10,6,6,1,0,1,0,0,0,multivariate_gaussian_copula_clean_air_v2
2025-06-15,36.057116725913744,65.04828720782399,27.987139293382064,30.145392217102458,6.414887259621329,0.9276780904263572,65,PM10,6,4,0,0,1,0,0,0,multivariate_gaussian_copula_clean_air_v2
2025-09-27,24.250240240723734,34.53059790745522,12.962360800026238,23.13109253052734,2.6364887170432025,0.9583188405233333,48,CO,9,3,0,0,1,0,0,0,multivariate_gaussian_copula_clean_air_v2
2025-04-20,10.185713531212148,16.80534525835604,56.37953586644913,7.084652258293177,8.153585727071604,0.11657800148133994,56,O3,4,5,1,0,0,0,1,0,multivariate_gaussian_copula_clean_air_v2
2025-07-20,13.96502823143524,27.539992151535014,15.71014031505646,26.82543520283494,4.840788800060602,0.6751367666420451,34,CO,7,2,0,0,1,0,0,0,multivariate_gaussian_copula_clean_air_v2
2025-06-02,13.305280612656274,35.27484756761722,31.102778983436167,6.434040253057281,11.20754668433314,0.1967560234927358,35,PM10,6,6,1,0,1,0,0,0,multivariate_gaussian_copula_clean_air_v2
2025-09-02,23.812569686504936,33.72093840803372,16.07531490907394,28.386555742545198,11.529804421425649,0.9576392655612508,48,CO,9,4,0,0,1,0,0,0,multivariate_gaussian_copula_clean_air_v2
2025-09-06,19.434832028384218,34.400365162647304,13.611469151616456,18.3574134312694,4.559305278718819,1.0553622595433745,53,CO,9,2,0,0,1,0,0,0,multivariate_gaussian_copula_clean_air_v2
2025-06-09,25.570732739134897,37.12503352660271,44.09894799659215,14.040131861628705,4.270956343610048,0.7797523608396367,44,O3,6,1,0,0,1,0,0,0,multivariate_gaussian_copula_clean_air_v2
2025-04-09,32.85680225672608,60.711218864480855,20.71014754441596,22.742618355237525,9.622247027721647,1.127211988271902,61,PM10,4,5,1,0,0,0,1,0,multivariate_gaussian_copula_clean_air_v2
2025-06-27,14.74084955935185,27.40945675278317,16.420760453656577,10.217930746551124,10.68859098649121,1.0210378168349452,51,CO,6,3,0,0,1,0,0,0,multivariate_gaussian_copula_clean_air_v2
2025-07-04,20.024095499444456,42.02173829238131,40.611642534878825,9.411756227131423,9.460730085138321,0.9913254914442468,50,CO,7,1,0,0,1,0,0,0,multivariate_gaussian_copula_clean_air_v2
2025-04-26,20.514158193124214,45.17257824366901,10.169054465837124,33.79452985460837,8.746629352066602,1.0402395948817444,52,CO,4,2,0,0,0,0,1,0,multivariate_gaussian_copula_clean_air_v2
2025-04-21,22.24290215847347,31.399590826266408,33.46855877198515,24.517037820530245,14.02914021524262,0.5775305867997111,37,PM2.5,4,1,0,0,0,0,1,0,multivariate_gaussian_copula_clean_air_v2
2025-06-19,11.119710282176985,20.38636160538236,50.27274668192749,14.62897812720744,5.493307449664658,0.521195187304763,50,O3,6,5,1,0,1,0,0,0,multivariate_gaussian_copula_clean_air_v2
2025-08-24,22.31469823571301,45.39810442297319,21.3069161667622,18.746776564680637,5.528497460728815,0.3151701121933377,45,PM10,8,2,0,0,1,0,0,0,multivariate_gaussian_copula_clean_air_v2
2025-09-02,24.958650103716835,46.24474758378204,35.345939575790155,16.691151851059832,2.1052773351662175,0.5163794933102852,46,PM10,9,3,0,0,1,0,0,0,multivariate_gaussian_copula_clean_air_v2
2025-09-13,16.440825093543616,27.381681832892895,32.19504272894763,23.053986397044383,14.586383835679078,0.7424343152586431,37,CO,9,0,0,0,1,0,0,0,multivariate_gaussian_copula_clean_air_v2
2025-07-17,24.45518334849291,43.73784211716152,11.52260352606428,28.637593512006536,7.873068263045383,1.1965704508190438,60,CO,7,0,0,0,1,0,0,0,multivariate_gaussian_copula_clean_air_v2
2025-08-07,18.406810938084043,35.86036524215664,33.53059272115211,6.816132167814961,12.42874743619202,0.767275460868093,38,CO,8,3,0,0,1,0,0,0,multivariate_gaussian_copula_clean_air_v2
2025-04-04,30.708269064425426,50.124488786862045,56.86299543648478,3.8108391522498324,10.238819966557699,1.0524618065152158,57,O3,4,0,0,0,0,0,1,0,multivariate_gaussian_copula_clean_air_v2
2025-06-10,9.472504735126417,17.649668702447403,35.74788811660739,9.844226078768095,1.670667951053126,0.38110783888804045,36,O3,6,0,0,0,1,0,0,0,multivariate_gaussian_copula_clean_air_v2
2025-07-13,8.897663093316918,20.315766294381717,17.33755129284297,32.630959358756925,4.955430650916518,0.6534883598660123,41,NO2,7,0,0,0,1,0,0,0,multivariate_gaussian_copula_clean_air_v2
2025-09-06,30.929333157712108,48.858976935846016,42.56710293701911,31.624425044055634,2.3424342628951886,0.9066177725656354,52,PM2.5,9,1,0,0,1,0,0,0,multivariate_gaussian_copula_clean_air_v2
2025-09-10,24.485778878933747,47.8995766842461,15.246411329674917,11.412416919570374,9.320701824137153,0.8802493804744187,48,PM10,9,0,0,0,1,0,0,0,multivariate_gaussian_copula_clean_air_v2
2025-05-22,24.362494037317543,45.70584913281154,22.52249018154282,25.369597895605644,9.734295236755726,0.6172721354157353,46,PM10,5,2,0,0,0,0,1,0,multivariate_gaussian_copula_clean_air_v2
2025-05-20,36.94476036245598,66.11439321068667,17.60355800749752,32.94734640968751,3.999602150843158,1.1771998041008556,66,PM10,5,2,0,0,0,0,1,0,multivariate_gaussian_copula_clean_air_v2
2025-06-25,33.807441779440445,56.54974046292892,53.504262797102285,21.79816648755033,12.683411045745203,1.1504991906609272,58,CO,6,4,0,0,1,0,0,0,multivariate_gaussian_copula_clean_air_v2
2025-07-15,17.704650807069953,29.514114743755368,19.778662592510507,13.751956306534574,6.412652809373661,0.7652535312158271,38,CO,7,6,1,0,1,0,0,0,multivariate_gaussian_copula_clean_air_v2
2025-07-27,24.705701866977783,48.42741166549753,34.7131303501947,31.832029599659215,8.172770494126125,1.194244415116463,60,CO,7,4,0,0,1,0,0,0,multivariate_gaussian_copula_clean_air_v2
2025-04-26,28.963936373813947,47.26376907299233,18.633979803415947,30.194335128054735,7.099510361720467,1.098672070236227,55,CO,4,2,0,0,0,0,1,0,multivariate_gaussian_copula_clean_air_v2
2025-06-17,27.187257819994695,48.23797763699787,20.76002041927292,8.707690094834446,4.2577284623603795,0.9639487729663367,48,PM10,6,3,0,0,1,0,0,0,multivariate_gaussian_copula_clean_air_v2
2025-06-09,23.88194277926323,36.82342819349349,40.438330300155954,22.92711128974457,3.9826726267285406,0.7178346491528671,40,O3,6,0,0,0,1,0,0,0,multivariate_gaussian_copula_clean_air_v2
2025-05-20,21.789099604877812,34.04564896669173,43.446498001721025,23.31548112400328,13.298924241471532,0.9797770184904281,49,CO,5,1,0,0,0,0,1,0,multivariate_gaussian_copula_clean_air_v2
2025-08-17,6.861191681431206,13.05997904107513,43.42641495833317,17.214101308888544,10.87668155509465,1.1854434460307481,59,CO,8,6,1,0,1,0,0,0,multivariate_gaussian_copula_clean_air_v2
2025-08-15,28.342744315715386,54.86015320282917,51.17442957210301,22.022589228433766,7.431743577780386,0.9128640285346338,55,PM10,8,6,1,0,1,0,0,0,multivariate_gaussian_copula_clean_air_v2
2025-07-01,11.473639090255162,21.903867965413284,24.671347272348804,19.709226954154797,14.815434403661461,0.18232457655792872,25,O3,7,6,1,0,1,0,0,0,multivariate_gaussian_copula_clean_air_v2
2025-04-05,29.62666618479582,44.50244565575569,29.242991013464867,32.11675914879061,9.385028577600362,0.6073931754301055,49,PM2.5,4,5,1,0,0,0,1,0,multivariate_gaussian_copula_clean_air_v2
2025-06-08,12.06516374989202,27.097429973953556,19.997957060691093,22.47433819746655,8.134981032321729,0.4600960084995124,28,NO2,6,1,0,0,1,0,0,0,multivariate_gaussian_copula_clean_air_v2
2025-06-18,37.45536476215584,67.06710195799164,11.650757845439253,33.012383168194944,4.873592647321717,1.1920634398533383,67,PM10,6,4,0,0,1,0,0,0,multivariate_gaussian_copula_clean_air_v2
2025-06-26,11.27697077480426,22.063191613182923,43.314755805088,22.873045679153943,3.0956090708068884,0.38134287623891205,43,O3,6,5,1,0,1,0,0,0,multivariate_gaussian_copula_clean_air_v2
2025-04-16,14.792041219116175,25.47380323346522,57.99098416550913,12.059395210526343,2.855601582569853,0.5626543889405712,58,O3,4,2,0,0,0,0,1,0,multivariate_gaussian_copula_clean_air_v2
2025-05-16,37.42498139988636,67.18887094035014,14.308194522321044,27.4103912639297,13.402842270287657,1.024532647699264,67,PM10,5,5,1,0,0,0,1,0,multivariate_gaussian_copula_clean_air_v2
2025-05-06,26.828056605395197,51.42466104224451,18.84412443234146,24.101854213154272,1.009628749714332,0.4942622007212747,51,PM10,5,1,0,0,0,0,1,0,multivariate_gaussian_copula_clean_air_v2
2025-06-27,17.610233043103385,27.400382040672717,57.667545772880175,2.7956784498173537,4.62555353436743,0.25308028725648524,58,O3,6,3,0,0,1,0,0,0,multivariate_gaussian_copula_clean_air_v2
2025-08-03,35.45837266378514,57.46727665178912,55.91915588645684,17.231169587674145,3.7462702925430174,0.8385157397883356,59,PM2.5,8,5,1,0,1,0,0,0,multivariate_gaussian_copula_clean_air_v2
2025-05-01,23.68232717516355,39.721643988822095,37.56768475318928,14.606533566620257,8.256357298579687,0.841969041489074,42,CO,5,5,1,0,0,0,1,0,multivariate_gaussian_copula_clean_air_v2
2025-06-08,36.083496585761935,60.00356298569977,59.54121150354358,2.478104715554329,6.118765565123999,0.5522659055200908,60,PM2.5,6,5,1,0,1,0,0,0,multivariate_gaussian_copula_clean_air_v2
2025-06-10,24.761817166495284,41.373510802257314,32.27290809274621,15.202425404866046,4.5102734955629655,0.9261939622284092,46,CO,6,5,1,0,1,0,0,0,multivariate_gaussian_copula_clean_air_v2
2025-04-06,25.741636386274575,42.62815515590444,51.75890916505527,18.311613989785872,12.433594231219413,0.8116603778702371,52,O3,4,0,0,0,0,0,1,0,multivariate_gaussian_copula_clean_air_v2
2025-06-07,10.920822915840247,19.888780707887637,47.84253047387931,18.688939594753567,8.422121825489041,0.46062275010900766,48,O3,6,0,0,0,1,0,0,0,multivariate_gaussian_copula_clean_air_v2
2025-04-01,34.57675066643473,59.09296567336935,48.06066971881088,17.487302277157088,7.0578143467747,1.0530053014953762,59,PM10,4,3,0,0,0,0,1,0,multivariate_gaussian_copula_clean_air_v2
2025-09-09,31.044700644802475,57.814520406697994,55.366797873683346,13.914373005256992,11.97689458278055,0.5147028393144916,58,PM10,9,4,0,0,1,0,0,0,multivariate_gaussian_copula_clean_air_v2
2025-05-21,25.32119439176339,44.87091781306256,37.73130105663632,25.489566099465986,4.495550441534252,1.1601980780578838,58,CO,5,2,0,0,0,0,1,0,multivariate_gaussian_copula_clean_air_v2
2025-05-26,9.344922552603508,16.032239570484702,53.53603019234974,18.05692999361579,11.794001699467922,0.5437887537070764,54,O3,5,4,0,0,0,0,1,0,multivariate_gaussian_copula_clean_air_v2
2025-06-06,20.83388846577879,33.696983187830924,37.65793908478034,11.031847069097797,12.128195885462276,0.521198023409845,38,O3,6,2,0,0,1,0,0,0,multivariate_gaussian_copula_clean_air_v2
2025-05-18,10.954519349690793,20.75162976206082,41.81803859777911,8.384973154113972,3.4458721601235403,0.4224159257174589,42,O3,5,3,0,0,0,0,1,0,multivariate_gaussian_copula_clean_air_v2
2025-07-05,24.28980064076381,41.20342140945315,27.055188384609572,24.548807324813097,2.1412344040116897,0.33261747515450113,41,PM10,7,2,0,0,1,0,0,0,multivariate_gaussian_copula_clean_air_v2
2025-07-02,12.032218289060427,22.902311816705318,39.95456782179029,29.533741789031456,13.054417641254966,0.5801137521477854,40,O3,7,1,0,0,1,0,0,0,multivariate_gaussian_copula_clean_air_v2
2025-09-26,20.742078987088448,33.070198630131316,35.92378479601206,15.583451773765495,9.370897061692096,0.36015727221721683,36,O3,9,2,0,0,1,0,0,0,multivariate_gaussian_copula_clean_air_v2
2025-04-04,27.740174921822245,55.09374360035653,31.86387078047532,24.685746863675035,12.004495707746846,0.7197709011420678,55,PM10,4,4,0,0,0,0,1,0,multivariate_gaussian_copula_clean_air_v2
2025-09-11,24.014349179531827,43.46760118468737,37.35904784779368,10.437445464631072,7.43895395893124,0.7571305343425065,43,PM10,9,6,1,0,1,0,0,0,multivariate_gaussian_copula_clean_air_v2
2025-09-15,35.50542211159135,64.47954628154,59.3378099237064,5.4820430109547225,12.430426592994296,0.5726614067874785,64,PM10,9,3,0,0,1,0,0,0,multivariate_gaussian_copula_clean_air_v2
2025-04-03,37.51484495726837,65.6256610030884,24.370563271919185,23.720641967917572,1.2304023656050398,0.9107609321205915,66,PM10,4,6,1,0,0,0,1,0,multivariate_gaussian_copula_clean_air_v2
2025-09-18,11.612144447227644,23.754244492194694,40.00060341048751,31.73208045416532,13.529593775648097,0.48362518603128957,40,O3,9,5,1,0,1,0,0,0,multivariate_gaussian_copula_clean_air_v2
2025-04-06,10.272396799810641,22.94611479248809,13.794956013440004,34.0938771640015,13.85018559901973,0.7794858568314461,43,NO2,4,0,0,0,0,0,1,0,multivariate_gaussian_copula_clean_air_v2
2025-09-16,5.473692480334558,16.192457009807164,27.691929920502254,26.623073743044355,2.108736566468766,0.3013620405224326,33,NO2,9,4,0,0,1,0,0,0,multivariate_gaussian_copula_clean_air_v2
2025-08-17,21.07112541384382,38.86236880530457,26.32845111332338,27.359490843616957,3.381210433870641,0.7272323595830402,39,PM10,8,4,0,0,1,0,0,0,multivariate_gaussian_copula_clean_air_v2
2025-05-21,22.62776760564081,43.76572623289551,47.65562791743929,5.406532215907263,1.6742020896805923,0.8197784468128249,48,O3,5,3,0,0,0,0,1,0,multivariate_gaussian_copula_clean_air_v2
2025-05-03,25.42591327128683,41.81296174662921,57.38469600019443,12.587902872228439,13.534941360792812,0.4998260632099518,57,O3,5,6,1,0,0,0,1,0,multivariate_gaussian_copula_clean_air_v2
2025-08-20,37.331439386767755,67.23839466062552,31.867030319188878,32.44785514889666,12.519624849521175,1.1909373475487186,67,PM10,8,6,1,0,1,0,0,0,multivariate_gaussian_copula_clean_air_v2
2025-06-04,9.68791354461702,22.76777144985425,50.91221058372152,2.4164124188319915,1.9910787371344623,0.10220433257800499,51,O3,6,2,0,0,1,0,0,0,multivariate_gaussian_copula_clean_air_v2
2025-08-04,17.389482665862616,36.369993492916464,56.08701307188533,10.342960437970438,14.34546907900054,0.155963262581341,56,O3,8,0,0,0,1,0,0,0,multivariate_gaussian_copula_clean_air_v2
2025-07-27,5.504440871151448,12.249928543501472,39.248795313736885,10.854444121572612,1.2488707560110022,0.24909770778181972,39,O3,7,3,0,0,1,0,0,0,multivariate_gaussian_copula_clean_air_v2
2025-05-25,7.2652503832962605,17.885661703792074,38.74779326897401,5.111850518797312,4.328034248898128,0.14176375532797358,39,O3,5,6,1,0,0,0,1,0,multivariate_gaussian_copula_clean_air_v2
2025-08-26,20.150374724513878,41.99036939562572,17.362228081742693,28.221036501388646,5.5005089744428854,0.6030890393111059,42,PM10,8,4,0,0,1,0,0,0,multivariate_gaussian_copula_clean_air_v2
2025-07-13,19.551003203584376,31.10807277435736,25.575672361462196,8.959861005299812,14.32662629714156,0.6329137078763203,33,PM2.5,7,0,0,0,1,0,0,0,multivariate_gaussian_copula_clean_air_v2
2025-09-05,12.229678636643369,25.10184654865258,31.12102397997813,14.315438815333328,10.803363495272954,0.7738162184347469,39,CO,9,6,1,0,1,0,0,0,multivariate_gaussian_copula_clean_air_v2
2025-07-10,14.127996730254631,24.761682772861143,29.33645699110695,2.7554641971468987,1.3563715686378601,0.7503198378144978,38,CO,7,5,1,0,1,0,0,0,multivariate_gaussian_copula_clean_air_v2
2025-04-26,36.30040001970366,63.736113907441165,48.72020353043162,24.103610671761754,14.989759515906783,1.1379913013493914,64,PM10,4,1,0,0,0,0,1,0,multivariate_gaussian_copula_clean_air_v2
2025-04-21,19.269641220248026,31.025601403296935,13.06391535472486,28.545129767570494,3.969124279466027,0.43236073735316105,36,NO2,4,0,0,0,0,0,1,0,multivariate_gaussian_copula_clean_air_v2
2025-08-06,12.804443005810347,21.0919474558579,57.68645676819624,17.23518390427461,9.0156241551668,0.7998006186049192,58,O3,8,0,0,0,1,0,0,0,multivariate_gaussian_copula_clean_air_v2
2025-06-03,22.04838061560316,35.774075521090225,57.13050431685738,16.568341500352147,3.738957026496708,0.38099738253217186,57,O3,6,4,0,0,1,0,0,0,multivariate_gaussian_copula_clean_air_v2
2025-09-22,10.481039180513271,17.24140319421989,51.110121694356664,30.319281306183566,3.0715533519113505,0.6631363250559277,51,O3,9,0,0,0,1,0,0,0,multivariate_gaussian_copula_clean_air_v2
2025-08-23,12.75971315101015,22.98644135743003,23.368148131463506,10.552170614621671,7.019842585999614,0.29692319629507546,23,O3,8,1,0,0,1,0,0,0,multivariate_gaussian_copula_clean_air_v2
2025-04-23,24.624249929965238,44.13920181349377,30.903446708072497,10.87849395892106,4.261930956860822,0.871876903738762,44,PM10,4,3,0,0,0,0,1,0,multivariate_gaussian_copula_clean_air_v2
2025-06-25,27.52070010338896,44.1324401246169,39.2296036623503,27.595272300490986,1.9626332327457314,0.9234316765410865,46,CO,6,5,1,0,1,0,0,0,multivariate_gaussian_copula_clean_air_v2
2025-09-15,12.628716345388245,27.53898339770641,19.71840167606436,4.583358382260455,1.3300644088202485,0.4482356700503839,28,PM10,9,0,0,0,1,0,0,0,multivariate_gaussian_copula_clean_air_v2
2025-08-13,24.483676817616768,39.461786072472556,48.21232594773032,3.704192602875408,6.151300955895894,0.17280889192709842,48,O3,8,6,1,0,1,0,0,0,multivariate_gaussian_copula_clean_air_v2
2025-09-15,12.74661739518788,25.20588871510253,18.906402392569518,16.82044713348088,12.214656171526011,0.46523910209262076,25,PM10,9,3,0,0,1,0,0,0,multivariate_gaussian_copula_clean_air_v2
2025-08-23,31.143421723293343,49.79011944710264,47.66009147238118,31.564134640125385,1.242818358804328,0.5469817416564362,52,PM2.5,8,0,0,0,1,0,0,0,multivariate_gaussian_copula_clean_air_v2
2025-08-05,28.413857549689975,49.64746225221141,43.49539749064441,11.787163619057477,8.101873360289561,0.5803122881488934,50,PM10,8,1,0,0,1,0,0,0,multivariate_gaussian_copula_clean_air_v2
2025-09-18,33.8707903437392,60.62210236939143,43.41157213767316,15.673170876447081,5.4408374641194825,0.6256013850651455,61,PM10,9,3,0,0,1,0,0,0,multivariate_gaussian_copula_clean_air_v2
2025-09-22,26.214796687061494,44.84453795922577,41.93703341117554,33.772556415283596,13.543767191622456,0.8080017908647198,45,PM10,9,5,1,0,1,0,0,0,multivariate_gaussian_copula_clean_air_v2
2025-04-17,34.09564008549538,58.84307144711927,11.515875108597749,22.533891061581638,1.2768780793566719,0.9402626625988182,59,PM10,4,5,1,0,0,0,1,0,multivariate_gaussian_copula_clean_air_v2
2025-09-10,21.24981346224078,46.640148820511236,39.25620986667937,13.790846456461637,12.088915893960777,0.14370975228135263,47,PM10,9,2,0,0,1,0,0,0,multivariate_gaussian_copula_clean_air_v2
2025-06-26,24.166559812530252,47.36303702170469,13.369295331718721,33.42722702122853,10.6524824487718,0.9362279536399949,47,PM10,6,5,1,0,1,0,0,0,multivariate_gaussian_copula_clean_air_v2
2025-05-19,29.043106295297083,58.00668852435629,36.85165021846832,21.648287022589724,6.173692000138917,0.5134485516724127,58,PM10,5,6,1,0,0,0,1,0,multivariate_gaussian_copula_clean_air_v2
2025-07-09,31.092067966454092,51.10624604891201,39.17706267904502,15.663476952595612,10.25604918116304,0.8503495524667325,52,PM2.5,7,1,0,0,1,0,0,0,multivariate_gaussian_copula_clean_air_v2
2025-05-11,32.9087670703238,56.16230577172329,32.408567070928854,12.633386090648955,4.925632237007612,0.8886424968382264,56,PM10,5,3,0,0,0,0,1,0,multivariate_gaussian_copula_clean_air_v2
2025-09-23,30.366036400412554,49.431973403401216,52.070675744752535,29.869829993690676,11.686395965575361,1.1559231090052897,58,CO,9,6,1,0,1,0,0,0,multivariate_gaussian_copula_clean_air_v2
2025-09-19,11.463942832982088,18.82711531661186,11.957920616138093,34.04797166746876,11.932277305589716,0.9275025460858035,46,CO,9,6,1,0,1,0,0,0,multivariate_gaussian_copula_clean_air_v2
2025-09-24,24.748473220301605,38.781640856670975,59.71552280929177,8.59537128512849,9.338347832806997,0.5240011444337979,60,O3,9,6,1,0,1,0,0,0,multivariate_gaussian_copula_clean_air_v2
2025-06-09,27.281331062078255,49.80214095133368,21.308331321981182,28.600501245676305,14.618105087893232,1.1577740300469188,58,CO,6,4,0,0,1,0,0,0,multivariate_gaussian_copula_clean_air_v2
2025-04-01,36.110988382762805,62.63646422250312,20.750429264475365,27.286152779545574,8.325800855995055,1.1678019751859166,63,PM10,4,5,1,0,0,0,1,0,multivariate_gaussian_copula_clean_air_v2
2025-06-10,5.539476115857484,17.124835976709967,26.721076570616134,9.362201411735596,2.7784920073133046,0.1216381218234403,27,O3,6,2,0,0,1,0,0,0,multivariate_gaussian_copula_clean_air_v2
2025-05-18,31.02301309624574,55.26899491763501,15.72262423033858,13.799753642178405,4.9222754786649565,1.16089220491633,58,CO,5,0,0,0,0,0,1,0,multivariate_gaussian_copula_clean_air_v2
2025-05-13,17.51804314109728,26.40938675982286,31.624187040429078,16.400113811611796,1.0429267183828144,0.5137697959183453,32,O3,5,2,0,0,0,0,1,0,multivariate_gaussian_copula_clean_air_v2
2025-09-02,17.895216295818194,37.087063355559195,58.06607568711558,19.924464299913453,8.139914005550976,0.1920498864801517,58,O3,9,0,0,0,1,0,0,0,multivariate_gaussian_copula_clean_air_v2
2025-08-13,37.82878204808906,67.4973160364487,40.26769765697848,26.114114027280618,9.757552490423107,1.0382121784312797,67,PM10,8,6,1,0,1,0,0,0,multivariate_gaussian_copula_clean_air_v2
2025-04-07,13.625341229598884,24.09950266300366,33.932368891961914,11.186008421972451,3.8220605936401446,0.4972131870679837,34,O3,4,4,0,0,0,0,1,0,multivariate_gaussian_copula_clean_air_v2
2025-05-07,17.578591825996536,40.51707275160523,10.145738244519732,34.22463615759876,13.66078771273661,0.5418286253291902,43,NO2,5,0,0,0,0,0,1,0,multivariate_gaussian_copula_clean_air_v2
2025-08-26,16.441169444156845,29.269814281358265,13.986274253897736,16.575370218473573,2.311763412158178,1.1215419257422286,56,CO,8,4,0,0,1,0,0,0,multivariate_gaussian_copula_clean_air_v2
2025-04-07,32.059540423774514,60.27357401943659,48.29692314565622,6.5810658310508074,4.739866967606202,0.7534081626057546,60,PM10,4,2,0,0,0,0,1,0,multivariate_gaussian_copula_clean_air_v2
2025-05-07,7.7682080716246515,19.108131637923076,27.078681624529878,11.672992389533315,11.00555317658535,0.5831170895256497,29,CO,5,0,0,0,0,0,1,0,multivariate_gaussian_copula_clean_air_v2
2025-08-17,16.208120580381554,36.69300893136259,15.88693183011314,28.757765861475015,11.35470275238815,0.7603953039431645,38,CO,8,0,0,0,1,0,0,0,multivariate_gaussian_copula_clean_air_v2
2025-09-11,25.346496869358592,39.128637085019946,52.46085957384562,12.815024511829657,5.294502572607139,0.8455120779009083,52,O3,9,0,0,0,1,0,0,0,multivariate_gaussian_copula_clean_air_v2
2025-04-03,12.180718986533078,19.431165064178643,13.19882277356664,30.167459567657918,2.4210382833826314,1.1477266664739685,57,CO,4,2,0,0,0,0,1,0,multivariate_gaussian_copula_clean_air_v2
2025-08-11,4.634931608799098,14.397969093051476,32.782157868740995,9.625655319624155,4.736424541264167,0.3615470317951085,33,O3,8,4,0,0,1,0,0,0,multivariate_gaussian_copula_clean_air_v2
2025-05-16,20.489641962623793,43.20388233110365,35.72458667881962,19.10136365363262,6.294816614594849,0.6284299301595782,43,PM10,5,3,0,0,0,0,1,0,multivariate_gaussian_copula_clean_air_v2
2025-04-09,25.110036016243,36.64324436898799,15.811676132723475,32.03399436367472,9.280973706425698,0.9239241700359178,46,CO,4,5,1,0,0,0,1,0,multivariate_gaussian_copula_clean_air_v2
2025-04-25,21.250024399784344,40.71948002789561,24.436380274769444,12.80804983474719,8.175661731957693,0.368297197552644,41,PM10,4,4,0,0,0,0,1,0,multivariate_gaussian_copula_clean_air_v2
2025-09-19,26.38750195285662,38.66755107174988,54.006711893494554,19.947365673840533,10.076907731477158,0.8969747400858724,54,O3,9,0,0,0,1,0,0,0,multivariate_gaussian_copula_clean_air_v2
2025-07-22,36.371091653776155,65.73139890660116,12.097882535643407,19.46603020425902,3.8338136098110827,1.0685910379872758,66,PM10,7,2,0,0,1,0,0,0,multivariate_gaussian_copula_clean_air_v2
2025-04-14,27.72016468871827,45.795328638813054,40.616574582075074,11.173907830330048,4.330998167975539,0.23718070214759412,46,PM2.5,4,6,1,0,0,0,1,0,multivariate_gaussian_copula_clean_air_v2
2025-08-19,10.0500563352735,16.730647688295207,18.284594755189776,30.766121375752014,3.766498796409442,1.1820815453453082,59,CO,8,2,0,0,1,0,0,0,multivariate_gaussian_copula_clean_air_v2
2025-05-13,27.429604308238773,49.862435615125946,20.37540712194371,30.48831477937118,5.570481547712779,0.9692879874601006,50,PM10,5,0,0,0,0,0,1,0,multivariate_gaussian_copula_clean_air_v2
2025-06-21,37.82210060362783,67.40275704958825,55.987194960318824,12.634092980481903,8.098508068685657,1.165176264580277,67,PM10,6,2,0,0,1,0,0,0,multivariate_gaussian_copula_clean_air_v2
2025-09-25,13.021574093434234,34.6073427794457,44.914955068999156,7.30202235929273,10.900851918883678,0.7048309414603335,45,O3,9,5,1,0,1,0,0,0,multivariate_gaussian_copula_clean_air_v2
2025-05-16,28.92086380704636,43.48615557716393,24.466054999628604,22.270900723050673,7.204382331573643,1.0031961096919362,50,CO,5,2,0,0,0,0,1,0,multivariate_gaussian_copula_clean_air_v2
2025-05-06,23.39771741480225,35.656228407984436,44.28928045199412,24.139013261355128,11.469175338805895,0.9933916696016128,50,CO,5,5,1,0,0,0,1,0,multivariate_gaussian_copula_clean_air_v2
2025-07-25,31.12647751602882,56.85465821906175,34.665415367106576,5.715196137801266,8.913786707949654,0.7282799510564113,57,PM10,7,6,1,0,1,0,0,0,multivariate_gaussian_copula_clean_air_v2
2025-07-20,24.63892015000933,37.8725044516727,18.410656402188053,32.6916496101483,8.546924834047783,1.0910231799260632,55,CO,7,6,1,0,1,0,0,0,multivariate_gaussian_copula_clean_air_v2
2025-04-13,21.384060184448366,39.2803612361505,51.2211295753968,8.574471994005696,8.255184050712344,0.3227459544033006,51,O3,4,0,0,0,0,0,1,0,multivariate_gaussian_copula_clean_air_v2
2025-05-13,15.286778273776541,27.719222959285506,38.91642269619318,10.919078975270397,13.187178287216907,0.26705446618146605,39,O3,5,1,0,0,0,0,1,0,multivariate_gaussian_copula_clean_air_v2
2025-08-15,18.479941627664466,32.182178820439276,56.30285973602961,12.326895521704987,13.098237996676009,0.14953579179914858,56,O3,8,5,1,0,1,0,0,0,multivariate_gaussian_copula_clean_air_v2
2025-07-27,24.579682190504236,48.496462821632406,35.98271185954533,29.223799567047696,6.435893323750692,1.1155145687966246,56,CO,7,4,0,0,1,0,0,0,multivariate_gaussian_copula_clean_air_v2
2025-05-03,37.634317675194886,66.66040623675345,31.26637327694363,34.31006303562571,14.600525339240862,1.0834216110523303,67,PM10,5,4,0,0,0,0,1,0,multivariate_gaussian_copula_clean_air_v2
2025-06-22,15.463932735272952,28.128168386602823,14.36141584514536,14.389639942343612,2.506855058946119,0.4278097044596242,28,PM10,6,2,0,0,1,0,0,0,multivariate_gaussian_copula_clean_air_v2
2025-09-23,20.529627200518657,38.96475103040997,56.78882870584696,4.013193874660905,12.261034276175408,0.2785680375355508,57,O3,9,2,0,0,1,0,0,0,multivariate_gaussian_copula_clean_air_v2
2025-09-27,20.32934587381001,40.90500708571775,16.10672030670803,27.871513081255802,9.043751498281502,1.003939137066617,50,CO,9,3,0,0,1,0,0,0,multivariate_gaussian_copula_clean_air_v2
2025-07-11,24.868310460693987,53.321376001977995,21.071942372204038,16.24015132945719,4.440731282068437,0.5966196896761768,53,PM10,7,3,0,0,1,0,0,0,multivariate_gaussian_copula_clean_air_v2
2025-05-11,12.905836090044868,31.248337855713746,54.875505391208996,5.23435076757535,3.692356853596536,0.38794218284987425,55,O3,5,6,1,0,0,0,1,0,multivariate_gaussian_copula_clean_air_v2
2025-06-11,13.873524313316548,30.021566386457152,37.074342106346805,3.9792726941883663,13.477098529653631,0.9505646924727432,48,CO,6,5,1,0,1,0,0,0,multivariate_gaussian_copula_clean_air_v2
2025-05-17,13.180273187346081,24.035119501920587,39.90201806452153,18.806245470902656,11.541422999854237,1.0814900208967606,54,CO,5,5,1,0,0,0,1,0,multivariate_gaussian_copula_clean_air_v2
2025-04-02,18.612347308957688,30.712899452464463,14.555120072907249,17.62386559461519,6.6210492946376815,1.1413539965734762,57,CO,4,3,0,0,0,0,1,0,multivariate_gaussian_copula_clean_air_v2
2025-08-16,14.280401444567177,28.622783759147318,33.34760163389882,28.953239817431967,14.94709629646161,0.5652284383140419,36,NO2,8,6,1,0,1,0,0,0,multivariate_gaussian_copula_clean_air_v2
2025-04-08,14.61702049985234,33.449709206239746,45.589814426744695,30.951063331414623,12.535279843600245,0.5485429764629802,46,O3,4,3,0,0,0,0,1,0,multivariate_gaussian_copula_clean_air_v2
2025-04-26,28.569220784628065,55.10129997231334,49.4064967584684,21.228955589862665,13.44750290069387,1.0372983510711062,55,PM10,4,1,0,0,0,0,1,0,multivariate_gaussian_copula_clean_air_v2
2025-08-07,35.16231089219528,63.545101773768195,33.58903617225032,25.15508785835617,13.597921354069424,0.7322896847977671,64,PM10,8,4,0,0,1,0,0,0,multivariate_gaussian_copula_clean_air_v2
2025-05-17,25.889688820270372,44.44657791262011,36.82337374489481,31.190027992716423,10.3504115443152,0.8637164762720111,44,PM10,5,3,0,0,0,0,1,0,multivariate_gaussian_copula_clean_air_v2
2025-06-19,6.955882692062284,17.525932678639023,43.7767231783418,31.460757164713804,8.357171356891952,0.5854410139389785,44,O3,6,4,0,0,1,0,0,0,multivariate_gaussian_copula_clean_air_v2
2025-07-27,24.347911914281617,50.63577578435123,31.53729412074692,22.490045614808615,11.513458545298235,0.8388851273477954,51,PM10,7,4,0,0,1,0,0,0,multivariate_gaussian_copula_clean_air_v2
2025-07-06,15.139828951313092,29.909917644315698,52.16756081042672,4.345202915081013,7.854180746610374,0.18862417488572836,52,O3,7,0,0,0,1,0,0,0,multivariate_gaussian_copula_clean_air_v2
2025-08-17,34.0548301875933,53.66715407543331,28.456241552882684,28.945689168970773,14.257875335561678,0.9771965026967745,57,PM2.5,8,1,0,0,1,0,0,0,multivariate_gaussian_copula_clean_air_v2
2025-06-26,13.838889274703691,36.29224070131307,12.641317628482511,4.342936337510747,7.797637906033831,0.42942271317415326,36,PM10,6,4,0,0,1,0,0,0,multivariate_gaussian_copula_clean_air_v2
2025-07-05,9.221450510631925,21.97985220601121,36.849431371092095,8.37589613954313,2.155813910534545,0.6157298689869948,37,O3,7,1,0,0,1,0,0,0,multivariate_gaussian_copula_clean_air_v2
2025-08-10,29.235441235432422,51.52575954749944,58.580137653878566,3.9723861467785166,1.8078377069765432,0.2042487946602208,59,O3,8,5,1,0,1,0,0,0,multivariate_gaussian_copula_clean_air_v2
2025-07-13,20.38188365359484,38.7727197361043,29.867401285978715,23.52961832607364,2.6840381153816937,1.0738848378945351,54,CO,7,1,0,0,1,0,0,0,multivariate_gaussian_copula_clean_air_v2
2025-06-16,19.88695043456176,42.33770601741413,40.08590762595132,21.13949331845495,11.478128980231643,0.799472858952529,42,PM10,6,5,1,0,1,0,0,0,multivariate_gaussian_copula_clean_air_v2
2025-06-08,29.153131830214587,56.49581975265123,38.395617413213586,26.59369532646656,8.56350799067345,1.129396352025624,56,PM10,6,0,0,0,1,0,0,0,multivariate_gaussian_copula_clean_air_v2
2025-08-02,12.479457258015845,33.6222715450796,30.507423097697934,4.493558403868407,7.195390022036384,0.2496582041217559,34,PM10,8,2,0,0,1,0,0,0,multivariate_gaussian_copula_clean_air_v2
2025-09-12,31.19068988021096,52.30544895420784,28.808969762858403,5.6610399767043535,4.067711661910308,0.13938574883650212,52,PM10,9,5,1,0,1,0,0,0,multivariate_gaussian_copula_clean_air_v2
2025-05-11,5.924669191146302,15.22815808329022,45.80345123346405,13.582753221231831,3.56529695637566,0.2808906540873697,46,O3,5,3,0,0,0,0,1,0,multivariate_gaussian_copula_clean_air_v2
2025-04-02,20.951135130256173,32.69736934367509,57.0845377189384,20.35777419287531,7.976064211109211,0.4770413834314303,57,O3,4,1,0,0,0,0,1,0,multivariate_gaussian_copula_clean_air_v2
2025-05-19,23.80618865765128,33.41817502594044,33.22911111289844,13.556710674863421,2.7900729259534343,0.5154916024453595,40,PM2.5,5,3,0,0,0,0,1,0,multivariate_gaussian_copula_clean_air_v2
2025-05-18,36.77214613917718,65.99596159822218,26.68249042401292,31.048501331878583,14.150778148313034,1.1732376319308242,66,PM10,5,6,1,0,0,0,1,0,multivariate_gaussian_copula_clean_air_v2
2025-09-06,21.80834949508069,36.455007451265445,48.54961916737252,19.440964636284875,12.695501671042328,0.8023971071195886,49,O3,9,0,0,0,1,0,0,0,multivariate_gaussian_copula_clean_air_v2
2025-04-03,33.00329528843131,56.23140680879729,56.312242002560275,16.929385089045176,14.793793582859891,0.4652664753602822,56,O3,4,6,1,0,0,0,1,0,multivariate_gaussian_copula_clean_air_v2
2025-09-01,36.59630600527741,65.16946973963042,25.669587208866687,22.258686260393503,6.1225573874035115,1.0794853590080102,65,PM10,9,2,0,0,1,0,0,0,multivariate_gaussian_copula_clean_air_v2
2025-09-21,27.781491397921148,46.69491599119466,36.319980091313816,34.27193502624237,14.75044309692488,1.0697239682236,53,CO,9,4,0,0,1,0,0,0,multivariate_gaussian_copula_clean_air_v2
2025-05-13,21.51535654944884,39.966716836532804,46.36895546554166,6.167654902363198,5.790953549054694,0.14348108664751366,46,O3,5,5,1,0,0,0,1,0,multivariate_gaussian_copula_clean_air_v2
2025-06-07,26.274610278766602,50.07045137937234,25.731485788392717,33.3918445935135,3.542447193420049,0.48597418792253355,50,PM10,6,3,0,0,1,0,0,0,multivariate_gaussian_copula_clean_air_v2
2025-09-07,24.019102187521064,48.29586760326109,57.39392228400927,6.5470293206480985,13.034806609975972,0.3941727479144068,57,O3,9,1,0,0,1,0,0,0,multivariate_gaussian_copula_clean_air_v2
2025-08-15,18.670054660540416,39.29623192392903,45.810689333642806,3.4346681380471775,13.377474519907459,0.8278472414404275,46,O3,8,6,1,0,1,0,0,0,multivariate_gaussian_copula_clean_air_v2
2025-07-23,13.037230765004495,27.368783357707272,42.8005909215391,16.507070313858513,5.343461652148393,0.2924242333975992,43,O3,7,6,1,0,1,0,0,0,multivariate_gaussian_copula_clean_air_v2
2025-09-26,20.65342134226462,43.76416843998878,43.84765238122861,11.168969600030163,11.742747990233537,0.10901840264269211,44,O3,9,3,0,0,1,0,0,0,multivariate_gaussian_copula_clean_air_v2
2025-08-12,33.73890569392002,51.83695772360671,32.426933160149886,12.33390406781212,2.0146312723511604,1.0589439189852212,56,PM2.5,8,3,0,0,1,0,0,0,multivariate_gaussian_copula_clean_air_v2
2025-04-08,14.879970792245441,30.25192802742655,32.683915588963046,22.50141139908234,8.787539732913032,0.2670547096757082,33,O3,4,3,0,0,0,0,1,0,multivariate_gaussian_copula_clean_air_v2
2025-04-22,32.57495114436833,55.60759072672653,13.942200449224659,25.48537672879973,13.794074744591494,1.1467002673733688,57,CO,4,4,0,0,0,0,1,0,multivariate_gaussian_copula_clean_air_v2
2025-09-21,16.364958212442367,29.252303494049222,28.516703053803635,33.96380708078461,11.677649266923199,0.9753156566583117,49,CO,9,4,0,0,1,0,0,0,multivariate_gaussian_copula_clean_air_v2
2025-06-05,32.851091614120335,58.89396418832273,31.62514610649468,21.02395816221286,7.648305696300748,0.8578226998907988,59,PM10,6,6,1,0,1,0,0,0,multivariate_gaussian_copula_clean_air_v2
2025-07-18,30.06371336146273,53.58400144700038,49.358674229919046,15.831033903497332,8.743306200537994,0.17479341348542202,54,PM10,7,5,1,0,1,0,0,0,multivariate_gaussian_copula_clean_air_v2
2025-09-24,31.888584031844395,57.68421215277898,52.76459109495615,2.107696699753562,14.261380215702687,0.3661282978949588,58,PM10,9,0,0,0,1,0,0,0,multivariate_gaussian_copula_clean_air_v2
2025-09-24,33.447691205674516,54.77932129411363,49.236270252198935,8.293588390397279,4.2388283235413535,1.1070009539494041,56,PM2.5,9,2,0,0,1,0,0,0,multivariate_gaussian_copula_clean_air_v2
2025-08-08,18.429165273429025,35.45519924352148,49.84019797463648,18.54276441621712,9.497986092831145,0.6438622732628468,50,O3,8,6,1,0,1,0,0,0,multivariate_gaussian_copula_clean_air_v2
2025-08-18,37.723873817735466,67.17184979542529,43.570577619765416,32.46642788891613,13.877935051391844,1.1854563530219555,67,PM10,8,5,1,0,1,0,0,0,multivariate_gaussian_copula_clean_air_v2
2025-05-01,29.109026375687883,46.01899114334481,58.04586633584643,4.164970490381945,8.99798856291147,0.21794028119593822,58,O3,5,2,0,0,0,0,1,0,multivariate_gaussian_copula_clean_air_v2
2025-09-06,20.13062116489409,38.811398736553244,40.719425595150135,21.16765538110654,14.343690812447027,0.8153806055539904,41,CO,9,4,0,0,1,0,0,0,multivariate_gaussian_copula_clean_air_v2
2025-06-12,17.72086168429388,38.17180582775697,53.13352270952904,3.5997946707646853,10.275024730779968,0.5219764484803542,53,O3,6,3,0,0,1,0,0,0,multivariate_gaussian_copula_clean_air_v2
2025-06-27,17.022617668548733,39.058976614408465,29.676507065203413,19.3730111662561,7.169989361667623,0.6525569174063792,39,PM10,6,4,0,0,1,0,0,0,multivariate_gaussian_copula_clean_air_v2
2025-08-03,8.640292944428491,14.777119941220823,57.083932120474614,3.6002505392074293,2.8153738167403892,0.10119035425788879,57,O3,8,1,0,0,1,0,0,0,multivariate_gaussian_copula_clean_air_v2
2025-08-03,12.88841288675304,20.57515093700018,57.547569825428084,19.05248533716929,5.487797061953231,1.0103397631556867,58,O3,8,2,0,0,1,0,0,0,multivariate_gaussian_copula_clean_air_v2
2025-08-17,32.454338290295034,56.11578908042225,10.454945972816988,34.98483394951618,3.162099740811313,0.9268028564362635,56,PM10,8,4,0,0,1,0,0,0,multivariate_gaussian_copula_clean_air_v2
2025-06-11,32.78931307370901,62.39920697707733,55.282353627148495,19.71026308949339,12.177302287213273,0.9707770175220143,62,PM10,6,3,0,0,1,0,0,0,multivariate_gaussian_copula_clean_air_v2
2025-06-19,30.385780317156577,55.04013102723145,38.19092249591905,19.60451079601272,4.369400815056516,0.668921787933752,55,PM10,6,4,0,0,1,0,0,0,multivariate_gaussian_copula_clean_air_v2
2025-09-16,5.537882691245807,12.238002343735952,16.31349522728061,7.616985038935002,7.132060226236191,0.8258095511081117,41,CO,9,2,0,0,1,0,0,0,multivariate_gaussian_copula_clean_air_v2
2025-08-22,31.90629668886458,48.94026830034093,20.79240499405614,32.82959482123921,3.906090498060088,0.957134211064309,53,PM2.5,8,2,0,0,1,0,0,0,multivariate_gaussian_copula_clean_air_v2
2025-09-14,28.1011781198635,45.176803640729716,39.43021786712154,6.90833566101717,3.910115444419761,0.671850064901948,47,PM2.5,9,6,1,0,1,0,0,0,multivariate_gaussian_copula_clean_air_v2
2025-05-04,5.889747146277015,14.16297339615151,30.879538663675277,19.538221715874354,9.359186366676404,0.8564901008079038,43,CO,5,0,0,0,0,0,1,0,multivariate_gaussian_copula_clean_air_v2
2025-06-03,22.69412106650469,39.00251140542038,38.226517438268615,24.35110720973425,8.848607754717294,0.721495570026527,39,PM10,6,1,0,0,1,0,0,0,multivariate_gaussian_copula_clean_air_v2
2025-06-21,12.20563390274164,21.508143731423573,13.90028195886079,34.17587426201087,3.182918302915677,0.6804820331241496,43,NO2,6,4,0,0,1,0,0,0,multivariate_gaussian_copula_clean_air_v2
2025-08-19,12.032605540292716,28.14860372589476,26.78701859724913,29.829075795102774,5.465808670492319,0.7857651265087813,39,CO,8,1,0,0,1,0,0,0,multivariate_gaussian_copula_clean_air_v2
2025-04-19,10.859879638596803,32.42865100372793,14.00002074716958,25.04115828262925,11.215295982328822,0.8941783997997336,45,CO,4,3,0,0,0,0,1,0,multivariate_gaussian_copula_clean_air_v2
2025-06-10,18.501058092810673,33.76722494212889,35.66992203505228,16.019164132415092,12.458820004142977,1.1374171123064822,57,CO,6,1,0,0,1,0,0,0,multivariate_gaussian_copula_clean_air_v2
2025-08-25,13.81225499515198,21.711113961898512,33.95561809237535,34.503125963583926,5.976287010128695,1.138360920395729,57,CO,8,2,0,0,1,0,0,0,multivariate_gaussian_copula_clean_air_v2
2025-07-23,36.41210615236333,63.204402134493854,48.95887705233297,33.193376302910345,8.148434070389227,0.9500023395550746,63,PM10,7,2,0,0,1,0,0,0,multivariate_gaussian_copula_clean_air_v2
2025-06-02,13.533287706107828,22.326871429289955,23.13036842537103,8.039365105971818,6.549386332689452,0.29431410111813644,23,O3,6,5,1,0,1,0,0,0,multivariate_gaussian_copula_clean_air_v2
2025-07-27,24.142429816003425,35.825740464599235,43.776599734268956,26.767497185094907,1.5039603442787923,0.7859766971124473,44,O3,7,4,0,0,1,0,0,0,multivariate_gaussian_copula_clean_air_v2
2025-08-21,34.267288733869705,55.71076781441993,58.44059045216439,18.241732283866817,5.350363826376406,0.5966261865136316,58,O3,8,2,0,0,1,0,0,0,multivariate_gaussian_copula_clean_air_v2
2025-07-04,28.197440096053544,50.612174565895856,46.04709343279774,8.142099353442958,8.293827476096073,0.21549994581057214,51,PM10,7,1,0,0,1,0,0,0,multivariate_gaussian_copula_clean_air_v2
2025-09-10,19.494430460002455,31.59692540702116,22.39242785470868,32.24406586743552,13.502224748416038,1.035569813590484,52,CO,9,0,0,0,1,0,0,0,multivariate_gaussian_copula_clean_air_v2
2025-07-25,8.669826077730058,17.087993631812758,53.39066814369118,10.36144139385703,14.848960889887554,0.4274225027649007,53,O3,7,5,1,0,1,0,0,0,multivariate_gaussian_copula_clean_air_v2
2025-09-11,23.58903655535397,41.09307132989956,38.42030951364669,16.737502873951847,11.516539572588785,0.9492292523271433,47,CO,9,2,0,0,1,0,0,0,multivariate_gaussian_copula_clean_air_v2
2025-08-27,11.341852249548893,18.47793097510459,11.745510826756185,30.26423541011624,2.8001841036704818,0.22020508706766165,38,NO2,8,1,0,0,1,0,0,0,multivariate_gaussian_copula_clean_air_v2
2025-09-24,26.141005760148303,54.887668800741636,32.35865702480734,27.697664995572627,9.583248979492732,0.8210913781468917,55,PM10,9,1,0,0,1,0,0,0,multivariate_gaussian_copula_clean_air_v2
2025-06-12,31.913055328261684,55.29049031788516,42.33919336346977,23.638510454938807,5.111794888801735,1.0500268180373897,55,PM10,6,4,0,0,1,0,0,0,multivariate_gaussian_copula_clean_air_v2
2025-08-09,18.638891339688076,30.94509183074146,45.70403210972003,6.956188884976911,7.273654086330904,0.4211415532560189,46,O3,8,6,1,0,1,0,0,0,multivariate_gaussian_copula_clean_air_v2
2025-06-25,33.28207161835938,60.27249518016171,36.040849810741705,29.605186361139022,14.188672904515528,1.0761764790645927,60,PM10,6,6,1,0,1,0,0,0,multivariate_gaussian_copula_clean_air_v2
2025-04-10,21.140420815815244,32.32890902383777,18.310957534080742,21.458400389450922,4.297211947153748,0.7082919115142435,35,CO,4,5,1,0,0,0,1,0,multivariate_gaussian_copula_clean_air_v2
2025-09-01,21.767990911100693,42.47389520988811,33.01819100247446,24.276117057663125,8.883320722098953,0.20649041392940587,42,PM10,9,2,0,0,1,0,0,0,multivariate_gaussian_copula_clean_air_v2
2025-07-15,9.908495723595308,19.682673940234558,14.967144967691283,28.09188785557315,14.07470917390929,1.0740248736005118,54,CO,7,0,0,0,1,0,0,0,multivariate_gaussian_copula_clean_air_v2
2025-07-22,18.126686259337575,41.30249615677968,35.54254205234019,12.829418317086294,4.6300976891533505,0.45885801203830034,41,PM10,7,5,1,0,1,0,0,0,multivariate_gaussian_copula_clean_air_v2
2025-05-17,15.864048177472398,30.99145172058769,37.17533459324491,16.305865162848853,10.276445537668504,0.9312017419190981,47,CO,5,6,1,0,0,0,1,0,multivariate_gaussian_copula_clean_air_v2
2025-08-14,32.180239508267604,49.9285800691054,10.479731094406807,34.51773252595678,2.4469353427707783,1.1085376364623125,55,CO,8,5,1,0,1,0,0,0,multivariate_gaussian_copula_clean_air_v2
2025-05-18,8.113243280730824,13.762165317690783,45.27456196029591,20.805553307063686,5.3861388332315325,0.10510168239757288,45,O3,5,3,0,0,0,0,1,0,multivariate_gaussian_copula_clean_air_v2
2025-04-27,13.943264579629377,28.89919780791371,13.035322092916573,26.476639642713838,7.599032750374796,0.9784471203502566,49,CO,4,6,1,0,0,0,1,0,multivariate_gaussian_copula_clean_air_v2
2025-06-12,22.618135278489905,36.13197680213956,54.84896788448703,11.06503757556561,7.954724676227965,0.2265193623606941,55,O3,6,6,1,0,1,0,0,0,multivariate_gaussian_copula_clean_air_v2
2025-09-06,15.178547064861252,25.16968098169305,31.876470001270903,32.66042732242508,2.969908194588456,0.26887249074228425,41,NO2,9,3,0,0,1,0,0,0,multivariate_gaussian_copula_clean_air_v2
2025-06-24,35.598833986966625,62.42143559816465,25.370444524102105,33.049097089533774,6.004156641034669,1.193802756321466,62,PM10,6,3,0,0,1,0,0,0,multivariate_gaussian_copula_clean_air_v2
2025-05-13,29.537082178238723,50.16752639028192,59.375825992211446,5.359913709301662,11.804142371289467,0.45785146977722,59,O3,5,5,1,0,0,0,1,0,multivariate_gaussian_copula_clean_air_v2
2025-08-05,34.7189177229941,64.04737064278271,36.160233558705976,13.629168097544389,10.191176776611417,0.6259617897002181,64,PM10,8,1,0,0,1,0,0,0,multivariate_gaussian_copula_clean_air_v2
2025-04-02,37.250743595738946,66.31903241777303,31.617155876960762,28.17266789498528,2.60539700446079,0.7786081738363226,66,PM10,4,5,1,0,0,0,1,0,multivariate_gaussian_copula_clean_air_v2
2025-07-26,34.09036328895987,57.838945425843,19.530479174923837,31.39768474161153,13.553409102090573,1.1480382045474555,58,PM10,7,5,1,0,1,0,0,0,multivariate_gaussian_copula_clean_air_v2
2025-06-08,32.57314140316316,54.3959917304226,15.176966541895407,34.517364678733344,7.607852471178463,1.0640260733126221,54,PM10,6,3,0,0,1,0,0,0,multivariate_gaussian_copula_clean_air_v2
2025-06-20,34.87006235378335,62.932152059734165,45.415478893717314,34.25065491360233,7.209114102274967,1.1456998010075026,63,PM10,6,5,1,0,1,0,0,0,multivariate_gaussian_copula_clean_air_v2
2025-08-17,21.772909420133693,41.15606452762303,56.69362162110277,15.776064536602837,11.602682308141894,0.8199018735146896,57,O3,8,1,0,0,1,0,0,0,multivariate_gaussian_copula_clean_air_v2
2025-07-23,16.157493770584963,26.805945177654493,17.717079615532647,5.039379401874848,14.20242468778079,0.27307306370695605,27,PM2.5,7,3,0,0,1,0,0,0,multivariate_gaussian_copula_clean_air_v2
2025-09-11,18.023214287847622,32.254033772624574,40.92320652838246,25.12639636709736,12.750132254432694,0.46962263277658256,41,O3,9,5,1,0,1,0,0,0,multivariate_gaussian_copula_clean_air_v2
2025-08-15,18.743662779534986,36.31153000806725,29.44131647966661,32.58508689044051,11.860936642291225,1.0303968425647418,52,CO,8,2,0,0,1,0,0,0,multivariate_gaussian_copula_clean_air_v2
2025-06-23,29.374087813792272,56.40710553908606,38.33607577237035,6.735518843513306,9.188603831422016,0.42634676795741355,56,PM10,6,4,0,0,1,0,0,0,multivariate_gaussian_copula_clean_air_v2
2025-04-19,14.150213557385811,30.254140066815445,53.616827459368665,10.405980024819643,9.894687268142837,0.8991412936671658,54,O3,4,2,0,0,0,0,1,0,multivariate_gaussian_copula_clean_air_v2
2025-07-10,24.23431086575619,52.794072163561964,43.00316405374897,3.26120192150597,10.65080503938859,0.5864806510058445,53,PM10,7,4,0,0,1,0,0,0,multivariate_gaussian_copula_clean_air_v2
2025-04-23,34.64867921637755,62.813618105563634,33.93919262732698,10.026624936771606,6.03198066411975,0.5179918188646739,63,PM10,4,6,1,0,0,0,1,0,multivariate_gaussian_copula_clean_air_v2
2025-04-21,13.546548523295296,29.227678997421897,57.034943547516626,11.786614475745377,3.0734936676330005,0.42913123975328293,57,O3,4,6,1,0,0,0,1,0,multivariate_gaussian_copula_clean_air_v2
2025-09-20,34.06534622167294,57.98431015189505,35.54109882104157,23.433273561655792,4.29095276576669,1.0324179305560688,58,PM10,9,5,1,0,1,0,0,0,multivariate_gaussian_copula_clean_air_v2
2025-07-21,19.363445784922337,38.03954626617258,18.92571751101883,17.996125982399032,11.10360742140226,0.6300877554149399,38,PM10,7,6,1,0,1,0,0,0,multivariate_gaussian_copula_clean_air_v2
2025-07-17,36.5690393516044,63.96141925759544,43.17999697672241,30.896833996691253,2.807634931210733,0.4409318988315475,64,PM10,7,0,0,0,1,0,0,0,multivariate_gaussian_copula_clean_air_v2
2025-05-19,6.16062315019151,17.75540631946615,20.821317823905794,34.325281297572886,7.043503308482922,0.7917504059922362,43,NO2,5,5,1,0,0,0,1,0,multivariate_gaussian_copula_clean_air_v2
2025-09-02,35.90820309373868,65.68438550740308,59.03286109496273,24.820740457815134,13.921450365499489,0.9506137636550646,66,PM10,9,2,0,0,1,0,0,0,multivariate_gaussian_copula_clean_air_v2
2025-05-12,30.58194496267512,51.70132023176246,22.132196099227926,25.463016883139424,7.03120287951254,0.7809008821022068,52,PM10,5,6,1,0,0,0,1,0,multivariate_gaussian_copula_clean_air_v2
2025-05-27,29.73483422642846,56.31679387612701,36.87097350041381,32.31017568455681,3.971470982021426,0.8518663240071748,56,PM10,5,1,0,0,0,0,1,0,multivariate_gaussian_copula_clean_air_v2
2025-07-06,12.04922353505773,18.439965393150896,34.40665714920061,15.820113447353075,13.861214189798478,0.7250640203593195,36,CO,7,1,0,0,1,0,0,0,multivariate_gaussian_copula_clean_air_v2
2025-05-15,9.19769969338292,27.754358984168586,51.90396885360107,14.36028741180699,7.5280566465077845,0.17723108183175978,52,O3,5,3,0,0,0,0,1,0,multivariate_gaussian_copula_clean_air_v2
2025-08-03,16.065561323675702,36.10235284678547,58.04571542532324,23.748732644712913,7.360488596604983,0.1953408587449129,58,O3,8,3,0,0,1,0,0,0,multivariate_gaussian_copula_clean_air_v2
2025-08-25,22.904683278483123,33.115798582192156,43.72576213250866,16.017485340303608,5.383139441736444,0.1901460336267405,44,O3,8,5,1,0,1,0,0,0,multivariate_gaussian_copula_clean_air_v2
2025-07-08,27.671962714001356,46.720983506507295,17.06271340743132,3.067035261890512,4.9082255944430395,1.0925246230573873,55,CO,7,6,1,0,1,0,0,0,multivariate_gaussian_copula_clean_air_v2
2025-06-08,36.35675624189554,63.33817783161943,27.203874464277657,30.461750648978217,3.7854122813543976,1.0871255102440742,63,PM10,6,5,1,0,1,0,0,0,multivariate_gaussian_copula_clean_air_v2
2025-08-24,30.45831487365932,58.02755511494607,32.92248162946156,18.8788794455925,3.778659339613487,0.5215738874591461,58,PM10,8,5,1,0,1,0,0,0,multivariate_gaussian_copula_clean_air_v2
2025-07-07,17.954092567813774,35.46421304267294,50.25417541853413,6.096648104880403,13.770412436538479,0.33840875772023726,50,O3,7,1,0,0,1,0,0,0,multivariate_gaussian_copula_clean_air_v2
2025-07-04,20.71019526990224,34.216450340882886,10.457864453998948,33.86756150870771,11.867534481023359,1.017733867700337,51,CO,7,0,0,0,1,0,0,0,multivariate_gaussian_copula_clean_air_v2
2025-08-04,21.907985415911515,42.628487804741596,12.859411579886991,21.334940834289277,11.258895595350165,0.48809281352688827,43,PM10,8,4,0,0,1,0,0,0,multivariate_gaussian_copula_clean_air_v2
2025-08-22,24.925372669776483,37.948624623202384,45.99500308997673,16.848816682514034,1.808816260752271,0.931878206733186,47,CO,8,1,0,0,1,0,0,0,multivariate_gaussian_copula_clean_air_v2
2025-07-18,11.864000580314558,20.528413845193917,38.56124015006691,27.478253926290098,3.8596848255899996,0.5833867681605864,39,O3,7,6,1,0,1,0,0,0,multivariate_gaussian_copula_clean_air_v2
2025-09-24,26.643034911032785,50.82267776988475,38.41398841709902,14.56614181649976,3.8102139701560778,0.6838666281440565,51,PM10,9,6,1,0,1,0,0,0,multivariate_gaussian_copula_clean_air_v2
2025-09-23,8.822179176555307,14.000632924394873,44.92838894087546,23.6014021596053,1.1810107827049199,0.18733400607118011,45,O3,9,1,0,0,1,0,0,0,multivariate_gaussian_copula_clean_air_v2
2025-06-14,28.891149414823193,57.549042154445544,33.92052179078562,11.785492193068299,6.615048832603202,1.070820190728256,58,PM10,6,3,0,0,1,0,0,0,multivariate_gaussian_copula_clean_air_v2
2025-09-06,12.811143418630518,21.961288028790932,25.590101138224313,9.360228838213072,7.336632372495541,0.9889091164078432,49,CO,9,4,0,0,1,0,0,0,multivariate_gaussian_copula_clean_air_v2
2025-05-24,25.307201482641403,44.21556083486964,30.246126299060467,6.170345554144817,11.071346525184335,0.5821329794096565,44,PM10,5,5,1,0,0,0,1,0,multivariate_gaussian_copula_clean_air_v2
2025-06-16,18.56518897567281,46.98584772710835,36.323326201240775,8.062314556743583,5.296669816097935,0.8857255205646328,47,PM10,6,3,0,0,1,0,0,0,multivariate_gaussian_copula_clean_air_v2
2025-07-23,22.53312502146425,33.88773240859475,52.30047392905413,7.96873625611754,14.431489613308527,0.8145747536243724,52,O3,7,5,1,0,1,0,0,0,multivariate_gaussian_copula_clean_air_v2
2025-04-23,15.128925219723406,35.52512111505581,33.754522925021675,25.597504281821,11.297031443304315,0.40621121568640095,36,PM10,4,0,0,0,0,0,1,0,multivariate_gaussian_copula_clean_air_v2
2025-05-23,12.837745642822878,30.293345210996275,26.04577200544344,13.473498218813942,3.0778252430783994,0.6711162668969403,34,CO,5,0,0,0,0,0,1,0,multivariate_gaussian_copula_clean_air_v2
2025-05-24,37.33431761073708,64.41260893753446,40.91892259205409,33.69350568624777,9.477679386629879,1.1368861168292825,64,PM10,5,4,0,0,0,0,1,0,multivariate_gaussian_copula_clean_air_v2
2025-05-22,8.896970200553024,20.123795492239367,28.714977469744653,26.593405239952475,13.616331421952733,1.1669515346805122,58,CO,5,0,0,0,0,0,1,0,multivariate_gaussian_copula_clean_air_v2
2025-08-16,28.443245704549593,52.11211312854611,39.534015100285686,15.208662763424622,9.706205888476743,0.6058314701578792,52,PM10,8,0,0,0,1,0,0,0,multivariate_gaussian_copula_clean_air_v2
2025-05-12,23.27424909774185,48.24380490737643,17.115951399980254,32.48975676135776,14.027486971937181,0.9611197854884486,48,PM10,5,2,0,0,0,0,1,0,multivariate_gaussian_copula_clean_air_v2
2025-04-10,4.575448721754057,9.996569364953253,53.387431971736405,6.5262361167643785,3.0914522259168375,0.12969766518221634,53,O3,4,6,1,0,0,0,1,0,multivariate_gaussian_copula_clean_air_v2
2025-08-09,31.190465790195226,57.23941076678399,31.243163164391817,18.25882040850483,5.761308423913844,0.5119482822065481,57,PM10,8,0,0,0,1,0,0,0,multivariate_gaussian_copula_clean_air_v2
2025-07-27,36.19410085350837,63.3332340717636,55.896693076389084,31.253859438341816,13.844802633383175,0.7967742923227176,63,PM10,7,1,0,0,1,0,0,0,multivariate_gaussian_copula_clean_air_v2
2025-08-13,26.331009431317607,47.0675213966004,19.81122592023039,27.729790252961248,2.8405687406490725,1.120679501756353,56,CO,8,1,0,0,1,0,0,0,multivariate_gaussian_copula_clean_air_v2
2025-04-12,14.91749423169068,29.575170111497997,39.38070400361525,12.565708821240014,10.78405903012553,0.36281481342953215,39,O3,4,6,1,0,0,0,1,0,multivariate_gaussian_copula_clean_air_v2
2025-07-19,31.478938622632594,49.29369080771458,40.93414582019903,34.001910772168465,4.847235659121342,0.7463283707338113,52,PM2.5,7,5,1,0,1,0,0,0,multivariate_gaussian_copula_clean_air_v2
2025-07-25,27.67562087456716,50.236543260118324,42.54132940829674,23.60284017050302,11.852493118576074,1.0494212761484636,52,CO,7,6,1,0,1,0,0,0,multivariate_gaussian_copula_clean_air_v2
2025-06-16,26.40703735503122,46.095868666719454,48.28440455057851,32.651067196535465,9.455225232233019,0.4967713007771727,48,O3,6,1,0,0,1,0,0,0,multivariate_gaussian_copula_clean_air_v2
2025-07-25,33.43959610949604,58.687611908415825,11.038129661990988,34.152060700492015,5.732161079922216,1.1223543650848198,59,PM10,7,2,0,0,1,0,0,0,multivariate_gaussian_copula_clean_air_v2
2025-09-13,25.42163010503814,46.64582492836547,48.28656917550843,11.00545534153844,10.562675308980564,0.4769016879264346,48,O3,9,4,0,0,1,0,0,0,multivariate_gaussian_copula_clean_air_v2
2025-04-05,30.17962452738227,55.91688747409826,19.260633122140558,32.85448306868604,6.211940268507563,1.1374198072897506,57,CO,4,0,0,0,0,0,1,0,multivariate_gaussian_copula_clean_air_v2
2025-09-13,25.87211982350968,53.36758013474089,28.966294706548283,16.418672236091968,7.729915479910626,0.6483227966360293,53,PM10,9,2,0,0,1,0,0,0,multivariate_gaussian_copula_clean_air_v2
2025-04-26,30.796344197301195,46.59428771904096,19.762966281663243,15.433467223341758,11.639403513292976,1.160341559563608,58,CO,4,3,0,0,0,0,1,0,multivariate_gaussian_copula_clean_air_v2
2025-09-22,19.585818713552417,35.32266165442769,36.40147062586492,29.401610402398862,4.375666916656135,0.7987762756473888,40,CO,9,6,1,0,1,0,0,0,multivariate_gaussian_copula_clean_air_v2
2025-07-07,32.39914196025073,58.96859221897793,39.98241427388543,29.912401969606115,1.1132716885666927,1.0279529498722302,59,PM10,7,3,0,0,1,0,0,0,multivariate_gaussian_copula_clean_air_v2
2025-04-27,12.722071799614326,19.32748517238136,45.67649308160451,28.492870235117078,8.445592075506948,0.8618647284467219,46,O3,4,4,0,0,0,0,1,0,multivariate_gaussian_copula_clean_air_v2
2025-09-06,36.182676160163695,65.69389974978458,57.78095447273999,22.527908333682614,10.094059551500083,0.30166782866790154,66,PM10,9,6,1,0,1,0,0,0,multivariate_gaussian_copula_clean_air_v2
2025-07-03,17.69577562980689,29.114821748259942,59.28081513135141,6.286568655117359,8.917540713016423,0.39514766825521563,59,O3,7,4,0,0,1,0,0,0,multivariate_gaussian_copula_clean_air_v2
2025-07-13,21.591237872275986,47.186506262114634,21.689743982841215,23.71405996517277,4.407739905183027,0.37786355634969704,47,PM10,7,2,0,0,1,0,0,0,multivariate_gaussian_copula_clean_air_v2
2025-09-16,13.191739222782546,25.56089160638098,25.693450293976802,11.403616503728436,1.8374594494095082,0.47299131049750887,26,O3,9,1,0,0,1,0,0,0,multivariate_gaussian_copula_clean_air_v2
2025-09-06,6.250731706215742,15.995769354284985,32.629358101464184,3.4898289930889748,4.705727423992214,0.1559232690914828,33,O3,9,4,0,0,1,0,0,0,multivariate_gaussian_copula_clean_air_v2
2025-09-06,25.25689886110787,51.15241039801245,11.375392691009667,29.384339477503097,6.956727817756658,1.1205716053073234,56,CO,9,0,0,0,1,0,0,0,multivariate_gaussian_copula_clean_air_v2
2025-09-10,23.870048832426995,39.24304383047831,30.152414020744008,12.389414506759334,12.407663153528876,0.6795517601348964,40,PM2.5,9,2,0,0,1,0,0,0,multivariate_gaussian_copula_clean_air_v2
2025-06-12,37.026290308902574,65.61153099944559,25.26647220212628,11.815240964808284,1.331979419087129,0.42465638519398097,66,PM10,6,2,0,0,1,0,0,0,multivariate_gaussian_copula_clean_air_v2
2025-04-05,24.580681977320612,46.82357918852511,12.870803265165451,32.83964043869188,6.012901465364616,1.0446339938904992,52,CO,4,2,0,0,0,0,1,0,multivariate_gaussian_copula_clean_air_v2
2025-09-25,36.18246305484564,65.36553456363725,31.724521272837823,14.914271647456962,1.1987890646096,0.6428327847421722,65,PM10,9,3,0,0,1,0,0,0,multivariate_gaussian_copula_clean_air_v2
2025-04-21,18.157355962575366,29.210430875790884,33.29001297040236,19.73175743718412,6.687167342043576,0.4163862269294396,33,O3,4,6,1,0,0,0,1,0,multivariate_gaussian_copula_clean_air_v2
2025-05-07,23.27683933427443,44.441894262316836,16.83781342389403,33.60228066347406,8.691509086848201,0.9935213774972859,50,CO,5,3,0,0,0,0,1,0,multivariate_gaussian_copula_clean_air_v2
2025-09-13,29.860194119240735,54.00328970826675,52.086199715589615,18.64495255549324,5.490207209623314,0.7647382329057867,54,PM10,9,3,0,0,1,0,0,0,multivariate_gaussian_copula_clean_air_v2
2025-08-10,8.296532420596511,17.79905968111833,31.928908154202244,12.71338015274644,6.775097086093965,0.12608328005557903,32,O3,8,6,1,0,1,0,0,0,multivariate_gaussian_copula_clean_air_v2
2025-05-20,13.914302253217336,27.3681465420123,36.94492093810582,6.481055133649706,12.898226618195697,0.23578325610675363,37,O3,5,0,0,0,0,0,1,0,multivariate_gaussian_copula_clean_air_v2
2025-07-17,32.350608881279754,58.67382660513569,24.166279242352637,34.333551363222476,3.8723050344755032,1.1595062550840116,59,PM10,7,4,0,0,1,0,0,0,multivariate_gaussian_copula_clean_air_v2
2025-09-01,32.610510704703174,54.872620684755574,56.83102466722317,11.617983869586496,9.876832015721051,0.6613790973265933,57,O3,9,3,0,0,1,0,0,0,multivariate_gaussian_copula_clean_air_v2
2025-04-13,19.18369350004334,39.75478000281559,48.21875893549442,2.9254163719178528,12.788863234445675,0.12617030068996768,48,O3,4,6,1,0,0,0,1,0,multivariate_gaussian_copula_clean_air_v2
2025-04-08,32.86912265479729,61.10363614771784,17.289293330301504,22.939173973394002,2.7739780746106026,0.9025677677478575,61,PM10,4,1,0,0,0,0,1,0,multivariate_gaussian_copula_clean_air_v2
2025-05-13,16.88695616257455,35.866377070920784,54.42154650534962,25.414661710723806,6.6654167359597,0.4523444453723324,54,O3,5,2,0,0,0,0,1,0,multivariate_gaussian_copula_clean_air_v2
2025-09-26,5.568935015422682,11.363101224050167,50.02028925018308,25.783606867042785,3.331550892371447,0.21210461002564104,50,O3,9,2,0,0,1,0,0,0,multivariate_gaussian_copula_clean_air_v2
2025-06-07,20.641872940172675,39.3867056168082,20.23425939803508,27.040291014913052,5.708835634821617,0.8167301842378191,41,CO,6,4,0,0,1,0,0,0,multivariate_gaussian_copula_clean_air_v2
2025-08-25,28.057200440309412,50.05743245903468,27.61668368482819,21.486818208750456,7.445776504942795,0.6965721790243325,50,PM10,8,0,0,0,1,0,0,0,multivariate_gaussian_copula_clean_air_v2
2025-08-02,17.528474131148865,40.855540471105925,43.22483099152722,11.051027979757652,11.460620357449198,0.4100478552337534,43,O3,8,6,1,0,1,0,0,0,multivariate_gaussian_copula_clean_air_v2
2025-09-17,33.907320927812506,60.990952697204875,34.725278214945924,27.209129896517318,2.1296644858780325,0.5466516321506434,61,PM10,9,1,0,0,1,0,0,0,multivariate_gaussian_copula_clean_air_v2
2025-09-13,7.952624180264291,17.29581743013079,57.21028543773361,28.829174534641922,12.957170701293308,0.5436492792733173,57,O3,9,6,1,0,1,0,0,0,multivariate_gaussian_copula_clean_air_v2
2025-05-14,5.218794270058934,11.084448044414193,18.859390825504818,10.643920012202857,5.762059711496887,0.2642878053570681,19,O3,5,4,0,0,0,0,1,0,multivariate_gaussian_copula_clean_air_v2
2025-09-13,4.812298436086209,12.282301751445182,14.732898628117798,20.543914626309547,14.633281064893001,0.28183293472268733,26,NO2,9,1,0,0,1,0,0,0,multivariate_gaussian_copula_clean_air_v2
2025-06-21,4.1937474532789105,9.460855787317836,50.24106862334031,25.94673818116911,3.468280360580443,0.34052514694173697,50,O3,6,4,0,0,1,0,0,0,multivariate_gaussian_copula_clean_air_v2
2025-04-20,14.909055507809688,28.05599129361146,59.7570633097519,2.1758860190587592,8.40838655244819,0.2121981696111525,60,O3,4,2,0,0,0,0,1,0,multivariate_gaussian_copula_clean_air_v2
2025-04-10,33.281249855241015,59.15885780365771,42.916154266340634,15.846474214819647,9.450517271692192,0.660975018495878,59,PM10,4,3,0,0,0,0,1,0,multivariate_gaussian_copula_clean_air_v2
2025-07-21,28.918202036359432,49.68498411254129,43.88159851215273,18.193911272654613,13.227119623266272,0.7063834727212329,50,PM10,7,6,1,0,1,0,0,0,multivariate_gaussian_copula_clean_air_v2
2025-07-01,5.295796557873976,15.290912904609096,16.147887768241105,10.497503443682511,3.90251126391575,0.8406366236028011,42,CO,7,5,1,0,1,0,0,0,multivariate_gaussian_copula_clean_air_v2
2025-04-09,4.55600161951924,20.44327454627394,46.723278234864694,8.354332134397612,7.852099026053132,0.2732181773203833,47,O3,4,3,0,0,0,0,1,0,multivariate_gaussian_copula_clean_air_v2
2025-09-01,27.761214708328357,52.339719364182734,45.627147293517766,17.893751626420105,7.351816243908223,0.6210914531238336,52,PM10,9,6,1,0,1,0,0,0,multivariate_gaussian_copula_clean_air_v2
2025-07-11,18.37290077941355,40.04730271410544,44.47517666654446,2.0654005060740577,8.79332102566048,0.31920954291827586,44,O3,7,2,0,0,1,0,0,0,multivariate_gaussian_copula_clean_air_v2
2025-05-15,20.746248528358453,36.06411619277287,53.64205400416857,22.93323797622806,5.123291606778237,0.6682910856747099,54,O3,5,0,0,0,0,0,1,0,multivariate_gaussian_copula_clean_air_v2
2025-07-13,9.63076290883102,16.13704621907448,23.25523607258974,28.076609770159507,12.76005672174876,0.828553850631413,41,CO,7,0,0,0,1,0,0,0,multivariate_gaussian_copula_clean_air_v2
2025-09-25,30.0373144282027,55.35720358086353,23.735534896719848,28.191766883565155,12.338678988582881,1.0968461093630586,55,PM10,9,0,0,0,1,0,0,0,multivariate_gaussian_copula_clean_air_v2
2025-06-12,34.01394611785748,61.93331147276638,43.151320266237065,30.211161116936843,9.405599106459759,0.6584923932101219,62,PM10,6,5,1,0,1,0,0,0,multivariate_gaussian_copula_clean_air_v2
2025-04-08,18.7979170793888,31.240576141707958,23.101345557574092,20.358924295221787,3.753518934606807,0.588449089337647,31,PM2.5,4,2,0,0,0,0,1,0,multivariate_gaussian_copula_clean_air_v2
2025-05-19,4.9906949796272295,11.66991791500291,30.991348110253536,5.876764460338495,10.209152745361646,0.5171455922083628,31,O3,5,5,1,0,0,0,1,0,multivariate_gaussian_copula_clean_air_v2
2025-06-11,5.8348373428316975,11.797647152089832,19.557605023873585,8.354183036643189,10.758284313256437,0.3375644262640146,20,O3,6,6,1,0,1,0,0,0,multivariate_gaussian_copula_clean_air_v2
2025-04-26,17.453514914098676,24.958405805669965,48.4796793004471,4.834467022160726,7.0060342586938695,0.4256869552200373,48,O3,4,0,0,0,0,0,1,0,multivariate_gaussian_copula_clean_air_v2
2025-08-21,35.048432717706,57.04304168686874,10.138154711761644,33.885736368366736,14.388020384653736,1.1975141022413303,60,CO,8,4,0,0,1,0,0,0,multivariate_gaussian_copula_clean_air_v2
2025-09-18,23.823130442510582,40.51839228349077,50.18504696441436,6.284778780868833,9.8157233509322,0.6152322262953458,50,O3,9,5,1,0,1,0,0,0,multivariate_gaussian_copula_clean_air_v2
2025-09-13,33.086165048596825,62.85458109787122,41.12861751476147,13.243751688444837,7.959927092606092,0.25999994561843187,63,PM10,9,4,0,0,1,0,0,0,multivariate_gaussian_copula_clean_air_v2
2025-06-08,12.282996653326157,22.535246223799682,24.343097297891724,21.029988427976967,3.7914971881982495,0.9430978329151536,47,CO,6,5,1,0,1,0,0,0,multivariate_gaussian_copula_clean_air_v2
2025-04-03,21.002808636302255,38.45570127827365,28.631715922684336,22.085035573140676,12.123377477676677,0.46031360852891845,38,PM10,4,0,0,0,0,0,1,0,multivariate_gaussian_copula_clean_air_v2
2025-06-24,12.677875780004621,23.576582942558048,14.176077423516267,14.739879340958735,4.319660965875673,0.9193642008350973,46,CO,6,2,0,0,1,0,0,0,multivariate_gaussian_copula_clean_air_v2
2025-04-19,24.520891938945425,45.207613267871665,50.22957840414046,13.084187240343093,10.244168336016086,0.5181528765040988,50,O3,4,4,0,0,0,0,1,0,multivariate_gaussian_copula_clean_air_v2
2025-05-08,24.557584261539397,41.24634236052755,10.46192121862686,29.85664856491419,13.55438140094655,1.1608920356761525,58,CO,5,6,1,0,0,0,1,0,multivariate_gaussian_copula_clean_air_v2
2025-06-27,32.31612206478588,60.552551255329604,37.039540514241274,22.95425695398602,5.31963612596773,0.7455126882871793,61,PM10,6,6,1,0,1,0,0,0,multivariate_gaussian_copula_clean_air_v2
2025-04-19,28.853225292989542,55.765337774886035,31.884118972888633,15.81760701164738,7.777369104022641,0.9387852630357141,56,PM10,4,5,1,0,0,0,1,0,multivariate_gaussian_copula_clean_air_v2
2025-09-02,6.529256919429322,11.714447051414801,24.757878636176795,6.273806017702926,3.7643264491787862,0.2873128208686656,25,O3,9,3,0,0,1,0,0,0,multivariate_gaussian_copula_clean_air_v2
2025-09-05,15.056287921467526,36.25579739339793,38.62128041018449,18.13726431307375,11.515940218553773,0.26390617162539576,39,O3,9,6,1,0,1,0,0,0,multivariate_gaussian_copula_clean_air_v2
2025-06-04,32.921203258419304,57.93318028799588,49.035241288106334,7.593005877313571,1.7113765645619643,0.8493623377027867,58,PM10,6,3,0,0,1,0,0,0,multivariate_gaussian_copula_clean_air_v2
2025-09-17,25.987588093644984,41.94551865078088,21.094908528749784,32.643342472705875,3.2338511288998535,1.1719261929217761,59,CO,9,1,0,0,1,0,0,0,multivariate_gaussian_copula_clean_air_v2
2025-06-26,10.252430107148996,23.59934361122582,26.16089979790675,23.920097339704206,5.442687499364027,0.5401111273901018,30,NO2,6,3,0,0,1,0,0,0,multivariate_gaussian_copula_clean_air_v2
2025-08-26,21.55487438160008,34.32867423278023,49.496004469787465,9.684490952624099,6.373356543840285,0.22614465782631574,49,O3,8,3,0,0,1,0,0,0,multivariate_gaussian_copula_clean_air_v2
2025-04-04,4.176751344590617,9.460376809002526,59.21432314239655,7.298291518124404,8.583176596280111,0.1188595452149967,59,O3,4,0,0,0,0,0,1,0,multivariate_gaussian_copula_clean_air_v2
2025-07-19,21.304702581718644,41.822099181218505,15.691812232098345,32.648665388496966,12.266019570377027,1.1037253082222303,55,CO,7,5,1,0,1,0,0,0,multivariate_gaussian_copula_clean_air_v2
2025-05-03,26.76229529093047,47.99115129823919,48.065741906212345,22.80863588296777,6.965449796097782,0.4905333205137389,48,O3,5,3,0,0,0,0,1,0,multivariate_gaussian_copula_clean_air_v2
2025-09-01,22.379197406388442,47.79480266037638,14.646906555838186,9.4614675174269,7.245772333725637,0.7649921015987575,48,PM10,9,2,0,0,1,0,0,0,multivariate_gaussian_copula_clean_air_v2
2025-05-16,23.339491109359834,43.55620719371102,30.637782285022528,32.459727122734435,2.36114115816544,0.5804208198625624,44,PM10,5,1,0,0,0,0,1,0,multivariate_gaussian_copula_clean_air_v2
2025-04-12,19.601933256709792,28.856966431584148,33.490794892971266,32.920017538589946,9.575422053852328,0.8844203410515561,44,CO,4,6,1,0,0,0,1,0,multivariate_gaussian_copula_clean_air_v2
2025-05-06,7.5293688208890215,14.563945382316732,26.181944285800657,13.192097320362967,13.13158465353539,0.6360594061657265,32,CO,5,3,0,0,0,0,1,0,multivariate_gaussian_copula_clean_air_v2
2025-07-09,8.528311715036951,18.717539798778148,42.16127916480901,24.71491237029585,14.412853696622793,0.25132408208717605,42,O3,7,2,0,0,1,0,0,0,multivariate_gaussian_copula_clean_air_v2
2025-07-24,11.096607547998376,18.302502345980585,30.455051813985257,22.794076436739285,12.72406864881118,0.5609456910044169,30,O3,7,6,1,0,1,0,0,0,multivariate_gaussian_copula_clean_air_v2
2025-09-25,16.734426640930373,32.33191985076947,19.591537266210306,34.392331031748135,2.4806220936142025,0.9592716560368929,48,CO,9,4,0,0,1,0,0,0,multivariate_gaussian_copula_clean_air_v2
2025-05-26,37.26881836134982,66.20917424529107,35.26418023871949,22.105243447268702,7.168353545502562,1.1703140840878,66,PM10,5,2,0,0,0,0,1,0,multivariate_gaussian_copula_clean_air_v2
2025-09-10,4.4585955312281165,13.003432643318803,12.060887341603344,15.771197894086656,4.727560827234947,0.6395077022719288,32,CO,9,5,1,0,1,0,0,0,multivariate_gaussian_copula_clean_air_v2
2025-04-20,5.870260185849715,14.181205756276238,58.277776255888206,2.227545462536085,7.768561588615342,0.11061392594080197,58,O3,4,1,0,0,0,0,1,0,multivariate_gaussian_copula_clean_air_v2
2025-05-03,26.606769356448478,47.73395418209479,23.787226685544073,28.054703440565405,14.550218404847298,0.8665641044119057,48,PM10,5,2,0,0,0,0,1,0,multivariate_gaussian_copula_clean_air_v2
2025-08-26,29.981541249034063,46.78914008703569,20.714616817940218,30.01069423792448,14.091462461448149,1.0561295264623527,53,CO,8,2,0,0,1,0,0,0,multivariate_gaussian_copula_clean_air_v2
2025-06-15,16.822021763124297,31.6954624855521,15.07880699347285,29.630431603057506,12.430010304276179,0.7406469348544963,37,NO2,6,0,0,0,1,0,0,0,multivariate_gaussian_copula_clean_air_v2
2025-06-09,14.85152339127612,29.792375505934537,25.458044483187223,18.585199089575536,14.68718491485716,0.5941722236728255,30,PM10,6,3,0,0,1,0,0,0,multivariate_gaussian_copula_clean_air_v2
2025-08-26,16.241509148653137,27.7224060855552,48.608289036185134,11.594993781894884,4.5531354016032095,0.8391793035739911,49,O3,8,3,0,0,1,0,0,0,multivariate_gaussian_copula_clean_air_v2
2025-05-18,35.35270406594401,60.68686225009132,12.367126072359095,34.325969189140615,5.259239124706221,1.18371634105654,61,PM10,5,6,1,0,0,0,1,0,multivariate_gaussian_copula_clean_air_v2
2025-07-23,4.830050049170514,12.68556776512318,13.616009489317113,26.390039690059936,8.028117759119827,0.29788320885657216,33,NO2,7,3,0,0,1,0,0,0,multivariate_gaussian_copula_clean_air_v2
2025-07-16,15.627682404227137,33.28286284789314,35.375484691079436,22.932953980552636,14.70999357585625,0.23977209892736645,35,O3,7,6,1,0,1,0,0,0,multivariate_gaussian_copula_clean_air_v2
2025-04-25,36.200849151550166,64.29046384389997,21.520533441478058,13.789041140979423,5.893051508688131,1.1176846028852843,64,PM10,4,5,1,0,0,0,1,0,multivariate_gaussian_copula_clean_air_v2
2025-05-03,19.274598569104178,43.12855351134843,13.005585844475856,25.338664891938105,2.3973127711442186,0.9592760911967108,48,CO,5,5,1,0,0,0,1,0,multivariate_gaussian_copula_clean_air_v2
2025-05-25,31.622627967432024,54.190321247080206,10.33898179465922,32.89303727461683,10.084776070108692,1.1599464408842248,58,CO,5,4,0,0,0,0,1,0,multivariate_gaussian_copula_clean_air_v2
2025-07-20,34.318827884601205,56.483531364497836,50.392981900422306,30.351238155653956,2.0300438027880228,0.9351353939582879,57,PM2.5,7,0,0,0,1,0,0,0,multivariate_gaussian_copula_clean_air_v2
2025-09-01,14.440295207271763,27.406363217936782,40.89862368848755,10.02501318939722,4.12386445911568,0.44014917495727557,41,O3,9,4,0,0,1,0,0,0,multivariate_gaussian_copula_clean_air_v2
2025-07-15,8.707778268229697,15.390450868118304,46.91117094760341,4.061460486006473,10.208233864537943,0.36646917707691606,47,O3,7,5,1,0,1,0,0,0,multivariate_gaussian_copula_clean_air_v2
2025-05-14,5.434497211169271,11.286653172146014,52.747581392752885,3.240144704069607,4.499473026737641,0.22831257176620914,53,O3,5,1,0,0,0,0,1,0,multivariate_gaussian_copula_clean_air_v2
2025-07-14,30.632236929317042,53.21006689493476,25.459693733090518,33.505158252671635,14.659895423735414,1.1576174258404377,58,CO,7,6,1,0,1,0,0,0,multivariate_gaussian_copula_clean_air_v2
2025-04-24,22.15585603651229,36.204525463312024,21.148461681559912,28.48212779820143,10.480037019275407,1.1339789977233152,57,CO,4,4,0,0,0,0,1,0,multivariate_gaussian_copula_clean_air_v2
2025-04-05,29.238174002763813,44.37782637790805,54.33582726425735,6.338986716748328,5.327875743412399,0.5395240361633052,54,O3,4,1,0,0,0,0,1,0,multivariate_gaussian_copula_clean_air_v2
2025-09-11,37.218507823850835,67.20782884656273,46.20850626598267,18.572741159357708,11.449145240667159,1.1135661866222422,67,PM10,9,0,0,0,1,0,0,0,multivariate_gaussian_copula_clean_air_v2
2025-07-23,16.723858823179093,40.462962243831385,36.5356855074602,21.2457410295463,11.885363387739483,0.7808036180001583,40,PM10,7,6,1,0,1,0,0,0,multivariate_gaussian_copula_clean_air_v2
2025-07-18,31.174454115208036,52.44870914493584,26.69156155267325,12.298783639731075,9.31874929535151,1.001427612607518,52,PM10,7,2,0,0,1,0,0,0,multivariate_gaussian_copula_clean_air_v2
2025-08-03,26.99903426020841,54.453317920632,33.58428120418644,26.567122151899202,3.5666853925954864,0.6866840271124203,54,PM10,8,3,0,0,1,0,0,0,multivariate_gaussian_copula_clean_air_v2
2025-09-03,29.725787923359402,55.98781766061603,29.511837328169452,21.346739755681707,1.993623400681694,0.6904413266212122,56,PM10,9,6,1,0,1,0,0,0,multivariate_gaussian_copula_clean_air_v2
2025-05-25,31.654576945722166,58.03932385530021,45.40539020825324,18.986865321496246,8.512328250499339,0.5347633021265649,58,PM10,5,1,0,0,0,0,1,0,multivariate_gaussian_copula_clean_air_v2
2025-07-08,29.76079249193365,54.577863534004806,45.10366381139403,12.147431942515775,1.2241851733827862,0.9419390409765567,55,PM10,7,0,0,0,1,0,0,0,multivariate_gaussian_copula_clean_air_v2
2025-06-05,14.744922555001295,24.606907205325513,47.86904907786878,9.60622396775108,12.655499651581888,0.6078690922796913,48,O3,6,4,0,0,1,0,0,0,multivariate_gaussian_copula_clean_air_v2
2025-05-21,29.59779825652713,45.720588560361975,55.67234064675764,17.305578172735483,6.6512550211461425,0.6229987287860749,56,O3,5,4,0,0,0,0,1,0,multivariate_gaussian_copula_clean_air_v2
2025-08-13,5.28680060620884,12.730336293956144,15.498379169992395,5.896254974726441,1.430550403674334,0.6706893867818969,34,CO,8,2,0,0,1,0,0,0,multivariate_gaussian_copula_clean_air_v2
2025-09-05,12.996002751778807,33.18598441616932,22.148908821508467,4.452463771829979,2.048967430192475,0.8330111315467015,42,CO,9,4,0,0,1,0,0,0,multivariate_gaussian_copula_clean_air_v2
2025-04-16,18.893925786268298,32.31274552644361,38.56529229266894,22.8976180932722,13.331390582267586,1.057482066589279,53,CO,4,2,0,0,0,0,1,0,multivariate_gaussian_copula_clean_air_v2
2025-05-08,16.223342590011946,25.163513154467868,28.002086247190125,22.952689790186326,3.3806343989373593,0.3490556149342618,29,NO2,5,0,0,0,0,0,1,0,multivariate_gaussian_copula_clean_air_v2
2025-07-11,25.572901153620634,45.70059510173307,36.39856238442803,11.217400782199073,6.105901164918503,0.34512903281977203,46,PM10,7,2,0,0,1,0,0,0,multivariate_gaussian_copula_clean_air_v2
2025-07-12,31.652890919533718,59.24152188638473,11.747350300320523,20.922304725002963,1.6740371292409375,0.8060363348431737,59,PM10,7,3,0,0,1,0,0,0,multivariate_gaussian_copula_clean_air_v2
2025-05-27,19.869556069903624,29.919052343936194,20.202816608114958,12.637504193921098,7.7390491928240195,0.6891735085353384,34,CO,5,4,0,0,0,0,1,0,multivariate_gaussian_copula_clean_air_v2
